{
  "dataset": "respiration1",
  "method": "iforest",
  "threshold": 0.021910005317762965,
  "q": 0.995,
  "precision": 0.0,
  "recall": 0.0,
  "f1": 0.0,
  "accuracy": 0.99632,
  "tn": 99632,
  "fp": 216,
  "fn": 152,
  "tp": 0,
  "eval_len": 100000,
  "window_metrics": {
    "precision": 0.0,
    "recall": 0.0,
    "f1": 0.0,
    "accuracy": 0.996315431134607,
    "tn": 24877,
    "fp": 23,
    "fn": 69,
    "tp": 0,
    "eval_len": 24969
  },
  "n_train_windows_fit": 20000,
  "n_test_windows": 24969
}