{
  "dataset": "respiration1",
  "method": "ocsvm",
  "threshold": 0.4615879128848677,
  "q": 0.995,
  "precision": 0.0,
  "recall": 0.0,
  "f1": 0.0,
  "accuracy": 0.9852,
  "tn": 98520,
  "fp": 1328,
  "fn": 152,
  "tp": 0,
  "eval_len": 100000,
  "window_metrics": {
    "precision": 0.0,
    "recall": 0.0,
    "f1": 0.0,
    "accuracy": 0.993872401778205,
    "tn": 24816,
    "fp": 84,
    "fn": 69,
    "tp": 0,
    "eval_len": 24969
  },
  "n_train_windows_fit": 20000,
  "n_test_windows": 24969
}