{
  "dataset": "respiration1",
  "method": "lstm_ae",
  "threshold": 0.22773638367652893,
  "thr_quantile": 0.99,
  "precision": 0.18181818181818182,
  "recall": 1.0,
  "f1": 0.3076923076923077,
  "accuracy": 0.99316,
  "tn": 99164,
  "fp": 684,
  "fn": 0,
  "tp": 152,
  "eval_len": 100000,
  "window_metrics": {
    "precision": 0.4025974025974026,
    "recall": 0.4492753623188406,
    "f1": 0.4246575342465754,
    "accuracy": 0.9966358284272497,
    "tn": 24854,
    "fp": 46,
    "fn": 38,
    "tp": 31,
    "eval_len": 24969
  },
  "n_train_windows": 24969,
  "n_test_windows": 24969,
  "ae_params": {
    "window_size": 128,
    "epochs": 15,
    "batch_size": 64,
    "validation_split": 0.1,
    "early_stopping_patience": 5,
    "lstm_units": 64,
    "clipnorm": 1.0,
    "threshold_quantile": 0.99
  }
}