{
  "dataset": "respiration1",
  "method": "matrix_profile",
  "threshold": 5.2360557314503335,
  "q": 0.995,
  "precision": 0.02524916943521595,
  "recall": 1.0,
  "f1": 0.04925469863901491,
  "accuracy": 0.94132,
  "tn": 93980,
  "fp": 5868,
  "fn": 0,
  "tp": 152,
  "eval_len": 100000,
  "window_metrics": {
    "precision": 0.05392156862745098,
    "recall": 0.15942028985507245,
    "f1": 0.08058608058608059,
    "accuracy": 0.9899475349433298,
    "tn": 24707,
    "fp": 193,
    "fn": 58,
    "tp": 11,
    "eval_len": 24969
  },
  "mp_window_size": 128,
  "n_train_windows": 24969,
  "n_test_windows": 24969
}