dataset,method,threshold,q,precision,recall,f1,accuracy,tn,fp,fn,tp,eval_len
respiration1,matrix_profile,5.2360557314503335,0.995,0.02524916943521595,1.0,0.04925469863901491,0.94132,93980,5868,0,152,100000
PowerDemand1,matrix_profile,6.484737406169841,0.995,0.2781456953642384,1.0,0.4352331606217616,0.9583393053365821,19723,872,0,336,20931
gaitHunt2,matrix_profile,5.6254692273101705,0.995,0.4486301369863014,0.40307692307692305,0.4246353322528363,0.9843956043956044,44528,322,388,262,45500
InternalBleeding4,matrix_profile,2.7115873662008196,0.995,0.5346715328467153,0.8184357541899442,0.6467991169977925,0.94937509887676,5708,255,65,293,6321
InternalBleeding16,matrix_profile,4.144407848544488,0.995,0.012168141592920354,0.9166666666666666,0.024017467248908297,0.8581177590858594,5396,893,1,11,6301
