{
  "dataset": "gaitHunt2",
  "method": "iforest",
  "threshold": 0.004569305362837923,
  "q": 0.995,
  "precision": 0.1881578947368421,
  "recall": 0.88,
  "f1": 0.31002710027100266,
  "accuracy": 0.9440439560439561,
  "tn": 42382,
  "fp": 2468,
  "fn": 78,
  "tp": 572,
  "eval_len": 45500,
  "window_metrics": {
    "precision": 0.34210526315789475,
    "recall": 0.20103092783505155,
    "f1": 0.2532467532467533,
    "accuracy": 0.9797249647390691,
    "tn": 11075,
    "fp": 75,
    "fn": 155,
    "tp": 39,
    "eval_len": 11344
  },
  "n_train_windows_fit": 4594,
  "n_test_windows": 11344
}