{
  "dataset": "gaitHunt2",
  "method": "ocsvm",
  "threshold": 0.0013275563258955474,
  "q": 0.995,
  "precision": 0.008798391151332328,
  "recall": 0.2153846153846154,
  "f1": 0.0169061707523246,
  "accuracy": 0.6421538461538462,
  "tn": 29078,
  "fp": 15772,
  "fn": 510,
  "tp": 140,
  "eval_len": 45500,
  "window_metrics": {
    "precision": 0.0036231884057971015,
    "recall": 0.020618556701030927,
    "f1": 0.0061633281972265025,
    "accuracy": 0.8862834978843441,
    "tn": 10050,
    "fp": 1100,
    "fn": 190,
    "tp": 4,
    "eval_len": 11344
  },
  "n_train_windows_fit": 4594,
  "n_test_windows": 11344
}