{
  "dataset": "InternalBleeding4",
  "method": "matrix_profile",
  "threshold": 2.7115873662008196,
  "q": 0.995,
  "precision": 0.5346715328467153,
  "recall": 0.8184357541899442,
  "f1": 0.6467991169977925,
  "accuracy": 0.94937509887676,
  "tn": 5708,
  "fp": 255,
  "fn": 65,
  "tp": 293,
  "eval_len": 6321,
  "window_metrics": {
    "precision": 0.9066666666666666,
    "recall": 0.5573770491803278,
    "f1": 0.6903553299492385,
    "accuracy": 0.960619754680439,
    "tn": 1420,
    "fp": 7,
    "fn": 54,
    "tp": 68,
    "eval_len": 1549
  },
  "mp_window_size": 128,
  "n_train_windows": 219,
  "n_test_windows": 1549
}