{
  "dataset": "InternalBleeding16",
  "method": "ocsvm",
  "threshold": 0.0004426452797601994,
  "q": 0.995,
  "precision": 0.0,
  "recall": 0.0,
  "f1": 0.0,
  "accuracy": 0.7067132201237899,
  "tn": 4453,
  "fp": 1836,
  "fn": 12,
  "tp": 0,
  "eval_len": 6301,
  "window_metrics": {
    "precision": 0.0,
    "recall": 0.0,
    "f1": 0.0,
    "accuracy": 0.9183937823834197,
    "tn": 1418,
    "fp": 91,
    "fn": 35,
    "tp": 0,
    "eval_len": 1544
  },
  "n_train_windows_fit": 269,
  "n_test_windows": 1544
}