{
  "dataset": "gaitHunt2",
  "method": "matrix_profile",
  "threshold": 5.6254692273101705,
  "q": 0.995,
  "precision": 0.4486301369863014,
  "recall": 0.40307692307692305,
  "f1": 0.4246353322528363,
  "accuracy": 0.9843956043956044,
  "tn": 44528,
  "fp": 322,
  "fn": 388,
  "tp": 262,
  "eval_len": 45500,
  "window_metrics": {
    "precision": 0.8636363636363636,
    "recall": 0.0979381443298969,
    "f1": 0.17592592592592593,
    "accuracy": 0.984308885754584,
    "tn": 11147,
    "fp": 3,
    "fn": 175,
    "tp": 19,
    "eval_len": 11344
  },
  "mp_window_size": 128,
  "n_train_windows": 4594,
  "n_test_windows": 11344
}