{
  "dataset": "PowerDemand1",
  "method": "iforest",
  "threshold": 0.007020122199409404,
  "q": 0.995,
  "precision": 0.0,
  "recall": 0.0,
  "f1": 0.0,
  "accuracy": 0.9596770340643065,
  "tn": 20087,
  "fp": 508,
  "fn": 336,
  "tp": 0,
  "eval_len": 20931,
  "window_metrics": {
    "precision": 0.0,
    "recall": 0.0,
    "f1": 0.0,
    "accuracy": 0.9748125360507595,
    "tn": 5070,
    "fp": 15,
    "fn": 116,
    "tp": 0,
    "eval_len": 5201
  },
  "n_train_windows_fit": 2219,
  "n_test_windows": 5201
}