{
  "dataset": "PowerDemand1",
  "method": "matrix_profile",
  "threshold": 6.484737406169841,
  "q": 0.995,
  "precision": 0.2781456953642384,
  "recall": 1.0,
  "f1": 0.4352331606217616,
  "accuracy": 0.9583393053365821,
  "tn": 19723,
  "fp": 872,
  "fn": 0,
  "tp": 336,
  "eval_len": 20931,
  "window_metrics": {
    "precision": 0.6666666666666666,
    "recall": 0.5689655172413793,
    "f1": 0.613953488372093,
    "accuracy": 0.9840415304749087,
    "tn": 5052,
    "fp": 33,
    "fn": 50,
    "tp": 66,
    "eval_len": 5201
  },
  "mp_window_size": 128,
  "n_train_windows": 2219,
  "n_test_windows": 5201
}