{
  "dataset": "gaitHunt2",
  "method": "moving_average",
  "threshold": 830.2540234375,
  "q": 0.995,
  "precision": 0.0,
  "recall": 0.0,
  "f1": 0.0,
  "accuracy": 0.9720659340659341,
  "tn": 44229,
  "fp": 621,
  "fn": 650,
  "tp": 0,
  "eval_len": 45500
}