{
  "dataset": "gaitHunt2",
  "method": "z_score",
  "threshold": 1.4845784168082505,
  "q": 0.995,
  "precision": 0.0,
  "recall": 0.0,
  "f1": 0.0,
  "accuracy": 0.9669450549450549,
  "tn": 43996,
  "fp": 854,
  "fn": 650,
  "tp": 0,
  "eval_len": 45500
}