{
  "dataset": "InternalBleeding4",
  "method": "lstm_ae",
  "threshold": 1.0748637914657593,
  "thr_quantile": 0.99,
  "precision": 0.17507645259938837,
  "recall": 0.6396648044692738,
  "f1": 0.27490996398559425,
  "accuracy": 0.8088909982597691,
  "tn": 4884,
  "fp": 1079,
  "fn": 129,
  "tp": 229,
  "eval_len": 6321,
  "window_metrics": {
    "precision": 0.3148148148148148,
    "recall": 0.13934426229508196,
    "f1": 0.19318181818181818,
    "accuracy": 0.908327953518399,
    "tn": 1390,
    "fp": 37,
    "fn": 105,
    "tp": 17,
    "eval_len": 1549
  },
  "n_train_windows": 219,
  "n_test_windows": 1549,
  "ae_params": {
    "window_size": 128,
    "epochs": 15,
    "batch_size": 64,
    "validation_split": 0.1,
    "early_stopping_patience": 5,
    "lstm_units": 64,
    "clipnorm": 1.0,
    "threshold_quantile": 0.99
  }
}