{
  "dataset": "InternalBleeding4",
  "method": "ewma",
  "threshold": 16.540524915160525,
  "q": 0.995,
  "precision": 0.4675324675324675,
  "recall": 0.1005586592178771,
  "f1": 0.16551724137931037,
  "accuracy": 0.9425723777883246,
  "tn": 5922,
  "fp": 41,
  "fn": 322,
  "tp": 36,
  "eval_len": 6321
}