{
  "dataset": "InternalBleeding4",
  "method": "moving_average",
  "threshold": 35.48032272847656,
  "q": 0.995,
  "precision": 0.0,
  "recall": 0.0,
  "f1": 0.0,
  "accuracy": 0.9427305806043348,
  "tn": 5959,
  "fp": 4,
  "fn": 358,
  "tp": 0,
  "eval_len": 6321
}