{
  "dataset": "InternalBleeding4",
  "method": "iforest",
  "threshold": 0.0014493262265128227,
  "q": 0.995,
  "precision": 0.49803149606299213,
  "recall": 0.7067039106145251,
  "f1": 0.5842956120092377,
  "accuracy": 0.943046986236355,
  "tn": 5708,
  "fp": 255,
  "fn": 105,
  "tp": 253,
  "eval_len": 6321,
  "window_metrics": {
    "precision": 0.8,
    "recall": 0.32786885245901637,
    "f1": 0.4651162790697675,
    "accuracy": 0.9406068431245965,
    "tn": 1417,
    "fp": 10,
    "fn": 82,
    "tp": 40,
    "eval_len": 1549
  },
  "n_train_windows_fit": 219,
  "n_test_windows": 1549
}