{
  "dataset": "InternalBleeding4",
  "method": "ocsvm",
  "threshold": 0.00038088189538917016,
  "q": 0.995,
  "precision": 0.14768145161290322,
  "recall": 0.8184357541899442,
  "f1": 0.25021349274124677,
  "accuracy": 0.7221958550862205,
  "tn": 4272,
  "fp": 1691,
  "fn": 65,
  "tp": 293,
  "eval_len": 6321,
  "window_metrics": {
    "precision": 0.36787564766839376,
    "recall": 0.5819672131147541,
    "f1": 0.45079365079365075,
    "accuracy": 0.8883150419625565,
    "tn": 1305,
    "fp": 122,
    "fn": 51,
    "tp": 71,
    "eval_len": 1549
  },
  "n_train_windows_fit": 219,
  "n_test_windows": 1549
}