{
  "dataset": "gaitHunt2",
  "method": "lstm_ae",
  "threshold": 0.5816218256950378,
  "thr_quantile": 0.99,
  "precision": 0.008716323296354992,
  "recall": 0.20307692307692307,
  "f1": 0.016715208306952008,
  "accuracy": 0.6586813186813186,
  "tn": 29838,
  "fp": 15012,
  "fn": 518,
  "tp": 132,
  "eval_len": 45500,
  "window_metrics": {
    "precision": 0.012578616352201259,
    "recall": 0.010309278350515464,
    "f1": 0.011331444759206798,
    "accuracy": 0.9692348377997179,
    "tn": 10993,
    "fp": 157,
    "fn": 192,
    "tp": 2,
    "eval_len": 11344
  },
  "n_train_windows": 4594,
  "n_test_windows": 11344,
  "ae_params": {
    "window_size": 128,
    "epochs": 15,
    "batch_size": 64,
    "validation_split": 0.1,
    "early_stopping_patience": 5,
    "lstm_units": 64,
    "clipnorm": 1.0,
    "threshold_quantile": 0.99
  }
}