{
  "dataset": "respiration1",
  "method": "ewma",
  "threshold": 962.1061541146926,
  "q": 0.995,
  "precision": 0.0,
  "recall": 0.0,
  "f1": 0.0,
  "accuracy": 0.99739,
  "tn": 99739,
  "fp": 109,
  "fn": 152,
  "tp": 0,
  "eval_len": 100000
}