{
  "dataset": "respiration1",
  "method": "moving_average",
  "threshold": 702.9535156250004,
  "q": 0.995,
  "precision": 0.0,
  "recall": 0.0,
  "f1": 0.0,
  "accuracy": 0.99655,
  "tn": 99655,
  "fp": 193,
  "fn": 152,
  "tp": 0,
  "eval_len": 100000
}