{
  "dataset": "respiration1",
  "method": "z_score",
  "threshold": 2.5332740152463162,
  "q": 0.995,
  "precision": 0.0,
  "recall": 0.0,
  "f1": 0.0,
  "accuracy": 0.99782,
  "tn": 99782,
  "fp": 66,
  "fn": 152,
  "tp": 0,
  "eval_len": 100000
}