dataset,method,threshold,thr_quantile,precision,recall,f1,accuracy,tn,fp,fn,tp,eval_len
respiration1,lstm_ae,0.22773638367652893,0.99,0.18181818181818182,1.0,0.3076923076923077,0.99316,99164,684,0,152,100000
PowerDemand1,lstm_ae,1.0373945236206055,0.99,0.0,0.0,0.0,0.910563279346424,19059,1536,336,0,20931
gaitHunt2,lstm_ae,0.5816218256950378,0.99,0.008716323296354992,0.20307692307692307,0.016715208306952008,0.6586813186813186,29838,15012,518,132,45500
InternalBleeding4,lstm_ae,1.0748637914657593,0.99,0.17507645259938837,0.6396648044692738,0.27490996398559425,0.8088909982597691,4884,1079,129,229,6321
InternalBleeding16,lstm_ae,1.1042840480804443,0.99,0.0,0.0,0.0,0.913664497698778,5757,532,12,0,6301
