{
  "dataset": "InternalBleeding16",
  "method": "ewma",
  "threshold": 21.495435490171435,
  "q": 0.995,
  "precision": 0.0,
  "recall": 0.0,
  "f1": 0.0,
  "accuracy": 0.9900015870496747,
  "tn": 6238,
  "fp": 51,
  "fn": 12,
  "tp": 0,
  "eval_len": 6301
}