dataset,selected_in_config,source_file,length,train_end,test_length,anomaly_start,anomaly_end,anomaly_length,anomaly_%,train_anomaly_points,test_anomaly_points,mean,std,min,max,train_windows_expected,test_windows_expected
InternalBleeding16,True,098_UCR_Anomaly_NOISEInternalBleeding16_1200_4187_4199.txt,7501,1200,6301,4187,4199,12,0.15997866951073192,0,12,71.69777173203573,13.188081780082177,53.200983,105.90038,269,1544
InternalBleeding4,True,032_UCR_Anomaly_DISTORTEDInternalBleeding4_1000_4675_5033.txt,7321,1000,6321,4675,5033,358,4.890042343942085,0,358,63.50384253681191,11.074572751399351,44.547412,93.029298,219,1549
PowerDemand1,True,152_UCR_Anomaly_PowerDemand1_9000_18485_18821.txt,29931,9000,20931,18485,18821,336,1.1225819384584546,0,336,179.4777037385988,45.75170876969441,77.7,296.7,2219,5201
gaitHunt2,True,171_UCR_Anomaly_gaitHunt2_18500_31200_31850.txt,64000,18500,45500,31200,31850,650,1.015625,0,650,-719.8844281185844,874.8312139201084,-1951.0,405.0,4594,11344
respiration1,True,186_UCR_Anomaly_respiration1_100000_110260_110412.txt,200000,100000,100000,110260,110412,152,0.076,0,152,-420.4606073475165,910.1336066162814,-1710.0,2047.0,24969,24969
